<?xml version="1.0" encoding="UTF-8"?>
<project-private xmlns="http://www.netbeans.org/ns/project-private/1">
    <editor-bookmarks xmlns="http://www.netbeans.org/ns/editor-bookmarks/2" lastBookmarkId="0"/>
    <open-files xmlns="http://www.netbeans.org/ns/projectui-open-files/2">
        <group>
            <file>file:/C:/Users/Dariel/OneDrive/Desktop/Punto%20de%20Venta/javaFX-PostgreSQL/Aplicacion1JavaFX/src/screensframework/ControlesBasicos.java</file>
            <file>file:/C:/Users/Dariel/OneDrive/Desktop/Punto%20de%20Venta/javaFX-PostgreSQL/Aplicacion1JavaFX/src/screensframework/RegistroController.java</file>
            <file>file:/C:/Users/Dariel/OneDrive/Desktop/Punto%20de%20Venta/javaFX-PostgreSQL/Aplicacion1JavaFX/src/screensframework/ProductoController.java</file>
            <file>file:/C:/Users/Dariel/OneDrive/Desktop/Punto%20de%20Venta/javaFX-PostgreSQL/Aplicacion1JavaFX/src/screensframework/LoginController.java</file>
            <file>file:/C:/Users/Dariel/OneDrive/Desktop/Punto%20de%20Venta/javaFX-PostgreSQL/Aplicacion1JavaFX/src/screensframework/ContenidoController.java</file>
            <file>file:/C:/Users/Dariel/OneDrive/Desktop/Punto%20de%20Venta/javaFX-PostgreSQL/Aplicacion1JavaFX/src/screensframework/ScreensFramework.java</file>
        </group>
    </open-files>
</project-private>
